,Unnamed: 0,patch,mean_RA,mean_DEC,photoz,masses
504,504,/global/project/projectdirs/cosmo/data/legacysurvey/dr9/north/sweep/9.0/sweep-160p065-170p070.fits,165.0952219533834,67.38483408882786,/global/project/projectdirs/cosmo/data/legacysurvey/dr9/north/sweep/9.0-photo-z/sweep-160p065-170p070-pz.fits,/global/cfs/cdirs/desi/users/rongpu/ls_dr9.0_photoz/stellar_mass/north/sweep-160p065-170p070_stellar_mass.npy
648,648,/global/project/projectdirs/cosmo/data/legacysurvey/dr9/north/sweep/9.0/sweep-240p050-250p055.fits,245.0563890688815,52.46872502543121,/global/project/projectdirs/cosmo/data/legacysurvey/dr9/north/sweep/9.0-photo-z/sweep-240p050-250p055-pz.fits,/global/cfs/cdirs/desi/users/rongpu/ls_dr9.0_photoz/stellar_mass/north/sweep-240p050-250p055_stellar_mass.npy
245,245,/global/project/projectdirs/cosmo/data/legacysurvey/dr9/south/sweep/9.0/sweep-150m015-160m010.fits,158.2149584745843,-10.091606161629064,/global/project/projectdirs/cosmo/data/legacysurvey/dr9/south/sweep/9.0-photo-z/sweep-150m015-160m010-pz.fits,/global/cfs/cdirs/desi/users/rongpu/ls_dr9.0_photoz/stellar_mass/south/sweep-150m015-160m010_stellar_mass.npy
142,142,/global/project/projectdirs/cosmo/data/legacysurvey/dr9/south/sweep/9.0/sweep-000m035-010m030.fits,5.447542160196222,-32.52985360720984,/global/project/projectdirs/cosmo/data/legacysurvey/dr9/south/sweep/9.0-photo-z/sweep-000m035-010m030-pz.fits,/global/cfs/cdirs/desi/users/rongpu/ls_dr9.0_photoz/stellar_mass/south/sweep-000m035-010m030_stellar_mass.npy
494,494,/global/project/projectdirs/cosmo/data/legacysurvey/dr9/north/sweep/9.0/sweep-260p025-270p030.fits,269.60880562105257,29.87022472107195,/global/project/projectdirs/cosmo/data/legacysurvey/dr9/north/sweep/9.0-photo-z/sweep-260p025-270p030-pz.fits,/global/cfs/cdirs/desi/users/rongpu/ls_dr9.0_photoz/stellar_mass/north/sweep-260p025-270p030_stellar_mass.npy
358,358,/global/project/projectdirs/cosmo/data/legacysurvey/dr9/south/sweep/9.0/sweep-020m045-030m040.fits,24.99658258630184,-42.295995905338785,/global/project/projectdirs/cosmo/data/legacysurvey/dr9/south/sweep/9.0-photo-z/sweep-020m045-030m040-pz.fits,/global/cfs/cdirs/desi/users/rongpu/ls_dr9.0_photoz/stellar_mass/south/sweep-020m045-030m040_stellar_mass.npy
624,624,/global/project/projectdirs/cosmo/data/legacysurvey/dr9/north/sweep/9.0/sweep-310m005-320p000.fits,318.4028937290455,-0.7390123939178855,/global/project/projectdirs/cosmo/data/legacysurvey/dr9/north/sweep/9.0-photo-z/sweep-310m005-320p000-pz.fits,/global/cfs/cdirs/desi/users/rongpu/ls_dr9.0_photoz/stellar_mass/north/sweep-310m005-320p000_stellar_mass.npy
40,40,/global/project/projectdirs/cosmo/data/legacysurvey/dr9/south/sweep/9.0/sweep-040m020-050m015.fits,45.00065948936635,-17.54228553457228,/global/project/projectdirs/cosmo/data/legacysurvey/dr9/south/sweep/9.0-photo-z/sweep-040m020-050m015-pz.fits,/global/cfs/cdirs/desi/users/rongpu/ls_dr9.0_photoz/stellar_mass/south/sweep-040m020-050m015_stellar_mass.npy
369,369,/global/project/projectdirs/cosmo/data/legacysurvey/dr9/south/sweep/9.0/sweep-030p020-040p025.fits,34.97611613585846,22.46847380125462,/global/project/projectdirs/cosmo/data/legacysurvey/dr9/south/sweep/9.0-photo-z/sweep-030p020-040p025-pz.fits,/global/cfs/cdirs/desi/users/rongpu/ls_dr9.0_photoz/stellar_mass/south/sweep-030p020-040p025_stellar_mass.npy
85,85,/global/project/projectdirs/cosmo/data/legacysurvey/dr9/south/sweep/9.0/sweep-060m050-070m045.fits,65.10695679943231,-47.38895645692586,/global/project/projectdirs/cosmo/data/legacysurvey/dr9/south/sweep/9.0-photo-z/sweep-060m050-070m045-pz.fits,/global/cfs/cdirs/desi/users/rongpu/ls_dr9.0_photoz/stellar_mass/south/sweep-060m050-070m045_stellar_mass.npy
175,175,/global/project/projectdirs/cosmo/data/legacysurvey/dr9/south/sweep/9.0/sweep-030m020-040m015.fits,34.963657039140266,-17.480618265727415,/global/project/projectdirs/cosmo/data/legacysurvey/dr9/south/sweep/9.0-photo-z/sweep-030m020-040m015-pz.fits,/global/cfs/cdirs/desi/users/rongpu/ls_dr9.0_photoz/stellar_mass/south/sweep-030m020-040m015_stellar_mass.npy
518,518,/global/project/projectdirs/cosmo/data/legacysurvey/dr9/north/sweep/9.0/sweep-290p070-300p075.fits,291.76273405796815,71.01657829216393,/global/project/projectdirs/cosmo/data/legacysurvey/dr9/north/sweep/9.0-photo-z/sweep-290p070-300p075-pz.fits,/global/cfs/cdirs/desi/users/rongpu/ls_dr9.0_photoz/stellar_mass/north/sweep-290p070-300p075_stellar_mass.npy
352,352,/global/project/projectdirs/cosmo/data/legacysurvey/dr9/south/sweep/9.0/sweep-320m010-330m005.fits,324.94915019412554,-7.45593328314685,/global/project/projectdirs/cosmo/data/legacysurvey/dr9/south/sweep/9.0-photo-z/sweep-320m010-330m005-pz.fits,/global/cfs/cdirs/desi/users/rongpu/ls_dr9.0_photoz/stellar_mass/south/sweep-320m010-330m005_stellar_mass.npy
453,453,/global/project/projectdirs/cosmo/data/legacysurvey/dr9/north/sweep/9.0/sweep-000m005-010p000.fits,4.980352087342559,-0.7437547366186112,/global/project/projectdirs/cosmo/data/legacysurvey/dr9/north/sweep/9.0-photo-z/sweep-000m005-010p000-pz.fits,/global/cfs/cdirs/desi/users/rongpu/ls_dr9.0_photoz/stellar_mass/north/sweep-000m005-010p000_stellar_mass.npy
696,696,/global/project/projectdirs/cosmo/data/legacysurvey/dr9/north/sweep/9.0/sweep-190p025-200p030.fits,194.149887055578,29.659346023725057,/global/project/projectdirs/cosmo/data/legacysurvey/dr9/north/sweep/9.0-photo-z/sweep-190p025-200p030-pz.fits,/global/cfs/cdirs/desi/users/rongpu/ls_dr9.0_photoz/stellar_mass/north/sweep-190p025-200p030_stellar_mass.npy
14,14,/global/project/projectdirs/cosmo/data/legacysurvey/dr9/south/sweep/9.0/sweep-060m055-070m050.fits,65.19727379892471,-52.53617609968236,/global/project/projectdirs/cosmo/data/legacysurvey/dr9/south/sweep/9.0-photo-z/sweep-060m055-070m050-pz.fits,/global/cfs/cdirs/desi/users/rongpu/ls_dr9.0_photoz/stellar_mass/south/sweep-060m055-070m050_stellar_mass.npy
366,366,/global/project/projectdirs/cosmo/data/legacysurvey/dr9/south/sweep/9.0/sweep-350p005-360p010.fits,354.8843985668586,7.5041752105595325,/global/project/projectdirs/cosmo/data/legacysurvey/dr9/south/sweep/9.0-photo-z/sweep-350p005-360p010-pz.fits,/global/cfs/cdirs/desi/users/rongpu/ls_dr9.0_photoz/stellar_mass/south/sweep-350p005-360p010_stellar_mass.npy
592,592,/global/project/projectdirs/cosmo/data/legacysurvey/dr9/north/sweep/9.0/sweep-200p045-210p050.fits,204.9412445296526,47.48909202371375,/global/project/projectdirs/cosmo/data/legacysurvey/dr9/north/sweep/9.0-photo-z/sweep-200p045-210p050-pz.fits,/global/cfs/cdirs/desi/users/rongpu/ls_dr9.0_photoz/stellar_mass/north/sweep-200p045-210p050_stellar_mass.npy
550,550,/global/project/projectdirs/cosmo/data/legacysurvey/dr9/north/sweep/9.0/sweep-330m005-340p000.fits,331.69561437155517,-0.5864130876468707,/global/project/projectdirs/cosmo/data/legacysurvey/dr9/north/sweep/9.0-photo-z/sweep-330m005-340p000-pz.fits,/global/cfs/cdirs/desi/users/rongpu/ls_dr9.0_photoz/stellar_mass/north/sweep-330m005-340p000_stellar_mass.npy
640,640,/global/project/projectdirs/cosmo/data/legacysurvey/dr9/north/sweep/9.0/sweep-230p080-240p085.fits,234.9028860774081,82.01407476662807,/global/project/projectdirs/cosmo/data/legacysurvey/dr9/north/sweep/9.0-photo-z/sweep-230p080-240p085-pz.fits,/global/cfs/cdirs/desi/users/rongpu/ls_dr9.0_photoz/stellar_mass/north/sweep-230p080-240p085_stellar_mass.npy
103,103,/global/project/projectdirs/cosmo/data/legacysurvey/dr9/south/sweep/9.0/sweep-160m005-170p000.fits,165.04153971029262,-2.4607479118865907,/global/project/projectdirs/cosmo/data/legacysurvey/dr9/south/sweep/9.0-photo-z/sweep-160m005-170p000-pz.fits,/global/cfs/cdirs/desi/users/rongpu/ls_dr9.0_photoz/stellar_mass/south/sweep-160m005-170p000_stellar_mass.npy
496,496,/global/project/projectdirs/cosmo/data/legacysurvey/dr9/north/sweep/9.0/sweep-170p025-180p030.fits,174.62949437376034,29.6514718932654,/global/project/projectdirs/cosmo/data/legacysurvey/dr9/north/sweep/9.0-photo-z/sweep-170p025-180p030-pz.fits,/global/cfs/cdirs/desi/users/rongpu/ls_dr9.0_photoz/stellar_mass/north/sweep-170p025-180p030_stellar_mass.npy
8,8,/global/project/projectdirs/cosmo/data/legacysurvey/dr9/south/sweep/9.0/sweep-340m070-350m065.fits,344.8062917553991,-65.92980722373848,/global/project/projectdirs/cosmo/data/legacysurvey/dr9/south/sweep/9.0-photo-z/sweep-340m070-350m065-pz.fits,/global/cfs/cdirs/desi/users/rongpu/ls_dr9.0_photoz/stellar_mass/south/sweep-340m070-350m065_stellar_mass.npy
626,626,/global/project/projectdirs/cosmo/data/legacysurvey/dr9/north/sweep/9.0/sweep-190p060-200p065.fits,195.04787785960144,62.41157042262084,/global/project/projectdirs/cosmo/data/legacysurvey/dr9/north/sweep/9.0-photo-z/sweep-190p060-200p065-pz.fits,/global/cfs/cdirs/desi/users/rongpu/ls_dr9.0_photoz/stellar_mass/north/sweep-190p060-200p065_stellar_mass.npy
502,502,/global/project/projectdirs/cosmo/data/legacysurvey/dr9/north/sweep/9.0/sweep-220p055-230p060.fits,224.9572065520287,57.44821140952713,/global/project/projectdirs/cosmo/data/legacysurvey/dr9/north/sweep/9.0-photo-z/sweep-220p055-230p060-pz.fits,/global/cfs/cdirs/desi/users/rongpu/ls_dr9.0_photoz/stellar_mass/north/sweep-220p055-230p060_stellar_mass.npy
623,623,/global/project/projectdirs/cosmo/data/legacysurvey/dr9/north/sweep/9.0/sweep-150p000-160p005.fits,150.46122935006886,1.5258882172045705,/global/project/projectdirs/cosmo/data/legacysurvey/dr9/north/sweep/9.0-photo-z/sweep-150p000-160p005-pz.fits,/global/cfs/cdirs/desi/users/rongpu/ls_dr9.0_photoz/stellar_mass/north/sweep-150p000-160p005_stellar_mass.npy
588,588,/global/project/projectdirs/cosmo/data/legacysurvey/dr9/north/sweep/9.0/sweep-100p065-110p070.fits,104.94827749706468,67.40658182509507,/global/project/projectdirs/cosmo/data/legacysurvey/dr9/north/sweep/9.0-photo-z/sweep-100p065-110p070-pz.fits,/global/cfs/cdirs/desi/users/rongpu/ls_dr9.0_photoz/stellar_mass/north/sweep-100p065-110p070_stellar_mass.npy
55,55,/global/project/projectdirs/cosmo/data/legacysurvey/dr9/south/sweep/9.0/sweep-030m005-040p000.fits,34.92121635332577,-2.5126286768565937,/global/project/projectdirs/cosmo/data/legacysurvey/dr9/south/sweep/9.0-photo-z/sweep-030m005-040p000-pz.fits,/global/cfs/cdirs/desi/users/rongpu/ls_dr9.0_photoz/stellar_mass/south/sweep-030m005-040p000_stellar_mass.npy
491,491,/global/project/projectdirs/cosmo/data/legacysurvey/dr9/north/sweep/9.0/sweep-250p060-260p065.fits,255.02817547977736,62.420533576248474,/global/project/projectdirs/cosmo/data/legacysurvey/dr9/north/sweep/9.0-photo-z/sweep-250p060-260p065-pz.fits,/global/cfs/cdirs/desi/users/rongpu/ls_dr9.0_photoz/stellar_mass/north/sweep-250p060-260p065_stellar_mass.npy
31,31,/global/project/projectdirs/cosmo/data/legacysurvey/dr9/south/sweep/9.0/sweep-190p010-200p015.fits,195.04073519411514,12.500547196704812,/global/project/projectdirs/cosmo/data/legacysurvey/dr9/south/sweep/9.0-photo-z/sweep-190p010-200p015-pz.fits,/global/cfs/cdirs/desi/users/rongpu/ls_dr9.0_photoz/stellar_mass/south/sweep-190p010-200p015_stellar_mass.npy
170,170,/global/project/projectdirs/cosmo/data/legacysurvey/dr9/south/sweep/9.0/sweep-230p030-240p035.fits,234.973844666932,32.01091044097884,/global/project/projectdirs/cosmo/data/legacysurvey/dr9/south/sweep/9.0-photo-z/sweep-230p030-240p035-pz.fits,/global/cfs/cdirs/desi/users/rongpu/ls_dr9.0_photoz/stellar_mass/south/sweep-230p030-240p035_stellar_mass.npy
548,548,/global/project/projectdirs/cosmo/data/legacysurvey/dr9/north/sweep/9.0/sweep-320p015-330p020.fits,324.62970013059083,15.380479430245824,/global/project/projectdirs/cosmo/data/legacysurvey/dr9/north/sweep/9.0-photo-z/sweep-320p015-330p020-pz.fits,/global/cfs/cdirs/desi/users/rongpu/ls_dr9.0_photoz/stellar_mass/north/sweep-320p015-330p020_stellar_mass.npy
668,668,/global/project/projectdirs/cosmo/data/legacysurvey/dr9/north/sweep/9.0/sweep-130p065-140p070.fits,134.9758454365209,67.42119694565356,/global/project/projectdirs/cosmo/data/legacysurvey/dr9/north/sweep/9.0-photo-z/sweep-130p065-140p070-pz.fits,/global/cfs/cdirs/desi/users/rongpu/ls_dr9.0_photoz/stellar_mass/north/sweep-130p065-140p070_stellar_mass.npy
202,202,/global/project/projectdirs/cosmo/data/legacysurvey/dr9/south/sweep/9.0/sweep-010m050-020m045.fits,15.09335939680291,-47.44856298855233,/global/project/projectdirs/cosmo/data/legacysurvey/dr9/south/sweep/9.0-photo-z/sweep-010m050-020m045-pz.fits,/global/cfs/cdirs/desi/users/rongpu/ls_dr9.0_photoz/stellar_mass/south/sweep-010m050-020m045_stellar_mass.npy
360,360,/global/project/projectdirs/cosmo/data/legacysurvey/dr9/south/sweep/9.0/sweep-330m040-340m035.fits,335.0873801723198,-39.1424637519314,/global/project/projectdirs/cosmo/data/legacysurvey/dr9/south/sweep/9.0-photo-z/sweep-330m040-340m035-pz.fits,/global/cfs/cdirs/desi/users/rongpu/ls_dr9.0_photoz/stellar_mass/south/sweep-330m040-340m035_stellar_mass.npy
268,268,/global/project/projectdirs/cosmo/data/legacysurvey/dr9/south/sweep/9.0/sweep-320m055-330m050.fits,325.04401420810024,-52.38942397068104,/global/project/projectdirs/cosmo/data/legacysurvey/dr9/south/sweep/9.0-photo-z/sweep-320m055-330m050-pz.fits,/global/cfs/cdirs/desi/users/rongpu/ls_dr9.0_photoz/stellar_mass/south/sweep-320m055-330m050_stellar_mass.npy
1,1,/global/project/projectdirs/cosmo/data/legacysurvey/dr9/south/sweep/9.0/sweep-020m065-030m060.fits,24.980431757558303,-62.44868698702405,/global/project/projectdirs/cosmo/data/legacysurvey/dr9/south/sweep/9.0-photo-z/sweep-020m065-030m060-pz.fits,/global/cfs/cdirs/desi/users/rongpu/ls_dr9.0_photoz/stellar_mass/south/sweep-020m065-030m060_stellar_mass.npy
585,585,/global/project/projectdirs/cosmo/data/legacysurvey/dr9/north/sweep/9.0/sweep-240p040-250p045.fits,245.12002085735932,42.47477397550351,/global/project/projectdirs/cosmo/data/legacysurvey/dr9/north/sweep/9.0-photo-z/sweep-240p040-250p045-pz.fits,/global/cfs/cdirs/desi/users/rongpu/ls_dr9.0_photoz/stellar_mass/north/sweep-240p040-250p045_stellar_mass.npy
474,474,/global/project/projectdirs/cosmo/data/legacysurvey/dr9/north/sweep/9.0/sweep-130p050-140p055.fits,134.94686331863537,52.433406025290154,/global/project/projectdirs/cosmo/data/legacysurvey/dr9/north/sweep/9.0-photo-z/sweep-130p050-140p055-pz.fits,/global/cfs/cdirs/desi/users/rongpu/ls_dr9.0_photoz/stellar_mass/north/sweep-130p050-140p055_stellar_mass.npy
625,625,/global/project/projectdirs/cosmo/data/legacysurvey/dr9/north/sweep/9.0/sweep-200p040-210p045.fits,204.97914970191104,42.41151157775752,/global/project/projectdirs/cosmo/data/legacysurvey/dr9/north/sweep/9.0-photo-z/sweep-200p040-210p045-pz.fits,/global/cfs/cdirs/desi/users/rongpu/ls_dr9.0_photoz/stellar_mass/north/sweep-200p040-210p045_stellar_mass.npy
681,681,/global/project/projectdirs/cosmo/data/legacysurvey/dr9/north/sweep/9.0/sweep-130p080-140p085.fits,135.0788013256807,82.08456949346085,/global/project/projectdirs/cosmo/data/legacysurvey/dr9/north/sweep/9.0-photo-z/sweep-130p080-140p085-pz.fits,/global/cfs/cdirs/desi/users/rongpu/ls_dr9.0_photoz/stellar_mass/north/sweep-130p080-140p085_stellar_mass.npy
523,523,/global/project/projectdirs/cosmo/data/legacysurvey/dr9/north/sweep/9.0/sweep-140p060-150p065.fits,145.03023532331449,62.39678940485936,/global/project/projectdirs/cosmo/data/legacysurvey/dr9/north/sweep/9.0-photo-z/sweep-140p060-150p065-pz.fits,/global/cfs/cdirs/desi/users/rongpu/ls_dr9.0_photoz/stellar_mass/north/sweep-140p060-150p065_stellar_mass.npy
532,532,/global/project/projectdirs/cosmo/data/legacysurvey/dr9/north/sweep/9.0/sweep-140m005-150p000.fits,147.0636306058419,-0.1197453560582126,/global/project/projectdirs/cosmo/data/legacysurvey/dr9/north/sweep/9.0-photo-z/sweep-140m005-150p000-pz.fits,/global/cfs/cdirs/desi/users/rongpu/ls_dr9.0_photoz/stellar_mass/north/sweep-140m005-150p000_stellar_mass.npy
79,79,/global/project/projectdirs/cosmo/data/legacysurvey/dr9/south/sweep/9.0/sweep-290m055-300m050.fits,298.1724548054627,-52.1790095992854,/global/project/projectdirs/cosmo/data/legacysurvey/dr9/south/sweep/9.0-photo-z/sweep-290m055-300m050-pz.fits,/global/cfs/cdirs/desi/users/rongpu/ls_dr9.0_photoz/stellar_mass/south/sweep-290m055-300m050_stellar_mass.npy
611,611,/global/project/projectdirs/cosmo/data/legacysurvey/dr9/north/sweep/9.0/sweep-140p070-150p075.fits,145.0149754301047,72.40825018933462,/global/project/projectdirs/cosmo/data/legacysurvey/dr9/north/sweep/9.0-photo-z/sweep-140p070-150p075-pz.fits,/global/cfs/cdirs/desi/users/rongpu/ls_dr9.0_photoz/stellar_mass/north/sweep-140p070-150p075_stellar_mass.npy
721,721,/global/project/projectdirs/cosmo/data/legacysurvey/dr9/north/sweep/9.0/sweep-110p060-120p065.fits,114.94499851514296,62.42315213744778,/global/project/projectdirs/cosmo/data/legacysurvey/dr9/north/sweep/9.0-photo-z/sweep-110p060-120p065-pz.fits,/global/cfs/cdirs/desi/users/rongpu/ls_dr9.0_photoz/stellar_mass/north/sweep-110p060-120p065_stellar_mass.npy
557,557,/global/project/projectdirs/cosmo/data/legacysurvey/dr9/north/sweep/9.0/sweep-010p030-020p035.fits,15.031653016798725,30.107015083597922,/global/project/projectdirs/cosmo/data/legacysurvey/dr9/north/sweep/9.0-photo-z/sweep-010p030-020p035-pz.fits,/global/cfs/cdirs/desi/users/rongpu/ls_dr9.0_photoz/stellar_mass/north/sweep-010p030-020p035_stellar_mass.npy
522,522,/global/project/projectdirs/cosmo/data/legacysurvey/dr9/north/sweep/9.0/sweep-110p035-120p040.fits,114.8546624569541,37.44323422269513,/global/project/projectdirs/cosmo/data/legacysurvey/dr9/north/sweep/9.0-photo-z/sweep-110p035-120p040-pz.fits,/global/cfs/cdirs/desi/users/rongpu/ls_dr9.0_photoz/stellar_mass/north/sweep-110p035-120p040_stellar_mass.npy
325,325,/global/project/projectdirs/cosmo/data/legacysurvey/dr9/south/sweep/9.0/sweep-090m060-100m055.fits,94.59274112500788,-57.35061053847228,/global/project/projectdirs/cosmo/data/legacysurvey/dr9/south/sweep/9.0-photo-z/sweep-090m060-100m055-pz.fits,/global/cfs/cdirs/desi/users/rongpu/ls_dr9.0_photoz/stellar_mass/south/sweep-090m060-100m055_stellar_mass.npy
395,395,/global/project/projectdirs/cosmo/data/legacysurvey/dr9/south/sweep/9.0/sweep-050m030-060m025.fits,55.10971547312322,-27.466676805011282,/global/project/projectdirs/cosmo/data/legacysurvey/dr9/south/sweep/9.0-photo-z/sweep-050m030-060m025-pz.fits,/global/cfs/cdirs/desi/users/rongpu/ls_dr9.0_photoz/stellar_mass/south/sweep-050m030-060m025_stellar_mass.npy
483,483,/global/project/projectdirs/cosmo/data/legacysurvey/dr9/north/sweep/9.0/sweep-220p025-230p030.fits,225.03062137744087,29.61657362702557,/global/project/projectdirs/cosmo/data/legacysurvey/dr9/north/sweep/9.0-photo-z/sweep-220p025-230p030-pz.fits,/global/cfs/cdirs/desi/users/rongpu/ls_dr9.0_photoz/stellar_mass/north/sweep-220p025-230p030_stellar_mass.npy
279,279,/global/project/projectdirs/cosmo/data/legacysurvey/dr9/south/sweep/9.0/sweep-150p000-160p005.fits,155.0270935382125,2.4909861917541134,/global/project/projectdirs/cosmo/data/legacysurvey/dr9/south/sweep/9.0-photo-z/sweep-150p000-160p005-pz.fits,/global/cfs/cdirs/desi/users/rongpu/ls_dr9.0_photoz/stellar_mass/south/sweep-150p000-160p005_stellar_mass.npy
229,229,/global/project/projectdirs/cosmo/data/legacysurvey/dr9/south/sweep/9.0/sweep-120p010-130p015.fits,124.9061616876625,12.458218364530888,/global/project/projectdirs/cosmo/data/legacysurvey/dr9/south/sweep/9.0-photo-z/sweep-120p010-130p015-pz.fits,/global/cfs/cdirs/desi/users/rongpu/ls_dr9.0_photoz/stellar_mass/south/sweep-120p010-130p015_stellar_mass.npy
695,695,/global/project/projectdirs/cosmo/data/legacysurvey/dr9/north/sweep/9.0/sweep-170p070-180p075.fits,174.97442233280472,72.34049984124371,/global/project/projectdirs/cosmo/data/legacysurvey/dr9/north/sweep/9.0-photo-z/sweep-170p070-180p075-pz.fits,/global/cfs/cdirs/desi/users/rongpu/ls_dr9.0_photoz/stellar_mass/north/sweep-170p070-180p075_stellar_mass.npy
495,495,/global/project/projectdirs/cosmo/data/legacysurvey/dr9/north/sweep/9.0/sweep-060p065-070p070.fits,67.33374348673577,68.93107692788514,/global/project/projectdirs/cosmo/data/legacysurvey/dr9/north/sweep/9.0-photo-z/sweep-060p065-070p070-pz.fits,/global/cfs/cdirs/desi/users/rongpu/ls_dr9.0_photoz/stellar_mass/north/sweep-060p065-070p070_stellar_mass.npy
586,586,/global/project/projectdirs/cosmo/data/legacysurvey/dr9/north/sweep/9.0/sweep-330p000-340p005.fits,332.96978891298716,1.5316160000486698,/global/project/projectdirs/cosmo/data/legacysurvey/dr9/north/sweep/9.0-photo-z/sweep-330p000-340p005-pz.fits,/global/cfs/cdirs/desi/users/rongpu/ls_dr9.0_photoz/stellar_mass/north/sweep-330p000-340p005_stellar_mass.npy
397,397,/global/project/projectdirs/cosmo/data/legacysurvey/dr9/south/sweep/9.0/sweep-320p030-330p035.fits,327.4105870542168,30.330044753757573,/global/project/projectdirs/cosmo/data/legacysurvey/dr9/south/sweep/9.0-photo-z/sweep-320p030-330p035-pz.fits,/global/cfs/cdirs/desi/users/rongpu/ls_dr9.0_photoz/stellar_mass/south/sweep-320p030-330p035_stellar_mass.npy
645,645,/global/project/projectdirs/cosmo/data/legacysurvey/dr9/north/sweep/9.0/sweep-230p045-240p050.fits,235.0421247588181,47.46285011620957,/global/project/projectdirs/cosmo/data/legacysurvey/dr9/north/sweep/9.0-photo-z/sweep-230p045-240p050-pz.fits,/global/cfs/cdirs/desi/users/rongpu/ls_dr9.0_photoz/stellar_mass/north/sweep-230p045-240p050_stellar_mass.npy
547,547,/global/project/projectdirs/cosmo/data/legacysurvey/dr9/north/sweep/9.0/sweep-030p000-040p005.fits,37.73541704768136,1.2649867500308865,/global/project/projectdirs/cosmo/data/legacysurvey/dr9/north/sweep/9.0-photo-z/sweep-030p000-040p005-pz.fits,/global/cfs/cdirs/desi/users/rongpu/ls_dr9.0_photoz/stellar_mass/north/sweep-030p000-040p005_stellar_mass.npy
27,27,/global/project/projectdirs/cosmo/data/legacysurvey/dr9/south/sweep/9.0/sweep-200p005-210p010.fits,204.9739305675573,7.4746854994301115,/global/project/projectdirs/cosmo/data/legacysurvey/dr9/south/sweep/9.0-photo-z/sweep-200p005-210p010-pz.fits,/global/cfs/cdirs/desi/users/rongpu/ls_dr9.0_photoz/stellar_mass/south/sweep-200p005-210p010_stellar_mass.npy
235,235,/global/project/projectdirs/cosmo/data/legacysurvey/dr9/south/sweep/9.0/sweep-070m025-080m020.fits,75.00947629983504,-22.46898363370057,/global/project/projectdirs/cosmo/data/legacysurvey/dr9/south/sweep/9.0-photo-z/sweep-070m025-080m020-pz.fits,/global/cfs/cdirs/desi/users/rongpu/ls_dr9.0_photoz/stellar_mass/south/sweep-070m025-080m020_stellar_mass.npy
676,676,/global/project/projectdirs/cosmo/data/legacysurvey/dr9/north/sweep/9.0/sweep-220p065-230p070.fits,225.1626247528149,67.36172352910884,/global/project/projectdirs/cosmo/data/legacysurvey/dr9/north/sweep/9.0-photo-z/sweep-220p065-230p070-pz.fits,/global/cfs/cdirs/desi/users/rongpu/ls_dr9.0_photoz/stellar_mass/north/sweep-220p065-230p070_stellar_mass.npy
251,251,/global/project/projectdirs/cosmo/data/legacysurvey/dr9/south/sweep/9.0/sweep-220p000-230p005.fits,225.09654412532169,2.465361620734235,/global/project/projectdirs/cosmo/data/legacysurvey/dr9/south/sweep/9.0-photo-z/sweep-220p000-230p005-pz.fits,/global/cfs/cdirs/desi/users/rongpu/ls_dr9.0_photoz/stellar_mass/south/sweep-220p000-230p005_stellar_mass.npy
479,479,/global/project/projectdirs/cosmo/data/legacysurvey/dr9/north/sweep/9.0/sweep-240p025-250p030.fits,245.24363154071088,29.6174544838606,/global/project/projectdirs/cosmo/data/legacysurvey/dr9/north/sweep/9.0-photo-z/sweep-240p025-250p030-pz.fits,/global/cfs/cdirs/desi/users/rongpu/ls_dr9.0_photoz/stellar_mass/north/sweep-240p025-250p030_stellar_mass.npy
351,351,/global/project/projectdirs/cosmo/data/legacysurvey/dr9/south/sweep/9.0/sweep-130p035-140p040.fits,138.3488962476391,35.018378773247406,/global/project/projectdirs/cosmo/data/legacysurvey/dr9/south/sweep/9.0-photo-z/sweep-130p035-140p040-pz.fits,/global/cfs/cdirs/desi/users/rongpu/ls_dr9.0_photoz/stellar_mass/south/sweep-130p035-140p040_stellar_mass.npy
156,156,/global/project/projectdirs/cosmo/data/legacysurvey/dr9/south/sweep/9.0/sweep-270p020-280p025.fits,272.2223152339756,22.62121105921141,/global/project/projectdirs/cosmo/data/legacysurvey/dr9/south/sweep/9.0-photo-z/sweep-270p020-280p025-pz.fits,/global/cfs/cdirs/desi/users/rongpu/ls_dr9.0_photoz/stellar_mass/south/sweep-270p020-280p025_stellar_mass.npy
486,486,/global/project/projectdirs/cosmo/data/legacysurvey/dr9/north/sweep/9.0/sweep-140p050-150p055.fits,144.94972876498562,52.45386832019353,/global/project/projectdirs/cosmo/data/legacysurvey/dr9/north/sweep/9.0-photo-z/sweep-140p050-150p055-pz.fits,/global/cfs/cdirs/desi/users/rongpu/ls_dr9.0_photoz/stellar_mass/north/sweep-140p050-150p055_stellar_mass.npy
570,570,/global/project/projectdirs/cosmo/data/legacysurvey/dr9/north/sweep/9.0/sweep-140p000-150p005.fits,147.89543966677437,1.1243001738196212,/global/project/projectdirs/cosmo/data/legacysurvey/dr9/north/sweep/9.0-photo-z/sweep-140p000-150p005-pz.fits,/global/cfs/cdirs/desi/users/rongpu/ls_dr9.0_photoz/stellar_mass/north/sweep-140p000-150p005_stellar_mass.npy
242,242,/global/project/projectdirs/cosmo/data/legacysurvey/dr9/south/sweep/9.0/sweep-160p005-170p010.fits,164.9697862461293,7.4940787497775565,/global/project/projectdirs/cosmo/data/legacysurvey/dr9/south/sweep/9.0-photo-z/sweep-160p005-170p010-pz.fits,/global/cfs/cdirs/desi/users/rongpu/ls_dr9.0_photoz/stellar_mass/south/sweep-160p005-170p010_stellar_mass.npy
75,75,/global/project/projectdirs/cosmo/data/legacysurvey/dr9/south/sweep/9.0/sweep-060m030-070m025.fits,64.9296005891683,-27.48871790469316,/global/project/projectdirs/cosmo/data/legacysurvey/dr9/south/sweep/9.0-photo-z/sweep-060m030-070m025-pz.fits,/global/cfs/cdirs/desi/users/rongpu/ls_dr9.0_photoz/stellar_mass/south/sweep-060m030-070m025_stellar_mass.npy
480,480,/global/project/projectdirs/cosmo/data/legacysurvey/dr9/north/sweep/9.0/sweep-160p045-170p050.fits,164.98460524399312,47.46792867236969,/global/project/projectdirs/cosmo/data/legacysurvey/dr9/north/sweep/9.0-photo-z/sweep-160p045-170p050-pz.fits,/global/cfs/cdirs/desi/users/rongpu/ls_dr9.0_photoz/stellar_mass/north/sweep-160p045-170p050_stellar_mass.npy
313,313,/global/project/projectdirs/cosmo/data/legacysurvey/dr9/south/sweep/9.0/sweep-210m010-220m005.fits,215.2970311546509,-7.115085551324661,/global/project/projectdirs/cosmo/data/legacysurvey/dr9/south/sweep/9.0-photo-z/sweep-210m010-220m005-pz.fits,/global/cfs/cdirs/desi/users/rongpu/ls_dr9.0_photoz/stellar_mass/south/sweep-210m010-220m005_stellar_mass.npy
399,399,/global/project/projectdirs/cosmo/data/legacysurvey/dr9/south/sweep/9.0/sweep-010m045-020m040.fits,15.115171978401234,-42.41481914943832,/global/project/projectdirs/cosmo/data/legacysurvey/dr9/south/sweep/9.0-photo-z/sweep-010m045-020m040-pz.fits,/global/cfs/cdirs/desi/users/rongpu/ls_dr9.0_photoz/stellar_mass/south/sweep-010m045-020m040_stellar_mass.npy
448,448,/global/project/projectdirs/cosmo/data/legacysurvey/dr9/north/sweep/9.0/sweep-340m005-350p000.fits,349.87498526517754,-1.3482254982573587,/global/project/projectdirs/cosmo/data/legacysurvey/dr9/north/sweep/9.0-photo-z/sweep-340m005-350p000-pz.fits,/global/cfs/cdirs/desi/users/rongpu/ls_dr9.0_photoz/stellar_mass/north/sweep-340m005-350p000_stellar_mass.npy
157,157,/global/project/projectdirs/cosmo/data/legacysurvey/dr9/south/sweep/9.0/sweep-060m020-070m015.fits,64.29549250666898,-17.745937749393462,/global/project/projectdirs/cosmo/data/legacysurvey/dr9/south/sweep/9.0-photo-z/sweep-060m020-070m015-pz.fits,/global/cfs/cdirs/desi/users/rongpu/ls_dr9.0_photoz/stellar_mass/south/sweep-060m020-070m015_stellar_mass.npy
214,214,/global/project/projectdirs/cosmo/data/legacysurvey/dr9/south/sweep/9.0/sweep-000m050-010m045.fits,4.864809263390977,-47.47621427158456,/global/project/projectdirs/cosmo/data/legacysurvey/dr9/south/sweep/9.0-photo-z/sweep-000m050-010m045-pz.fits,/global/cfs/cdirs/desi/users/rongpu/ls_dr9.0_photoz/stellar_mass/south/sweep-000m050-010m045_stellar_mass.npy
666,666,/global/project/projectdirs/cosmo/data/legacysurvey/dr9/north/sweep/9.0/sweep-130p035-140p040.fits,134.9212150321963,37.45678982217928,/global/project/projectdirs/cosmo/data/legacysurvey/dr9/north/sweep/9.0-photo-z/sweep-130p035-140p040-pz.fits,/global/cfs/cdirs/desi/users/rongpu/ls_dr9.0_photoz/stellar_mass/north/sweep-130p035-140p040_stellar_mass.npy
50,50,/global/project/projectdirs/cosmo/data/legacysurvey/dr9/south/sweep/9.0/sweep-190p000-200p005.fits,194.96581883186863,2.512423380698769,/global/project/projectdirs/cosmo/data/legacysurvey/dr9/south/sweep/9.0-photo-z/sweep-190p000-200p005-pz.fits,/global/cfs/cdirs/desi/users/rongpu/ls_dr9.0_photoz/stellar_mass/south/sweep-190p000-200p005_stellar_mass.npy
239,239,/global/project/projectdirs/cosmo/data/legacysurvey/dr9/south/sweep/9.0/sweep-160p025-170p030.fits,165.04717141695903,27.492256282594447,/global/project/projectdirs/cosmo/data/legacysurvey/dr9/south/sweep/9.0-photo-z/sweep-160p025-170p030-pz.fits,/global/cfs/cdirs/desi/users/rongpu/ls_dr9.0_photoz/stellar_mass/south/sweep-160p025-170p030_stellar_mass.npy
524,524,/global/project/projectdirs/cosmo/data/legacysurvey/dr9/north/sweep/9.0/sweep-350p000-360p005.fits,354.3353453820033,1.1387047540568682,/global/project/projectdirs/cosmo/data/legacysurvey/dr9/north/sweep/9.0-photo-z/sweep-350p000-360p005-pz.fits,/global/cfs/cdirs/desi/users/rongpu/ls_dr9.0_photoz/stellar_mass/north/sweep-350p000-360p005_stellar_mass.npy
435,435,/global/project/projectdirs/cosmo/data/legacysurvey/dr9/south/sweep/9.0/sweep-050m070-060m065.fits,55.30348437907399,-65.33487651985023,/global/project/projectdirs/cosmo/data/legacysurvey/dr9/south/sweep/9.0-photo-z/sweep-050m070-060m065-pz.fits,/global/cfs/cdirs/desi/users/rongpu/ls_dr9.0_photoz/stellar_mass/south/sweep-050m070-060m065_stellar_mass.npy
478,478,/global/project/projectdirs/cosmo/data/legacysurvey/dr9/north/sweep/9.0/sweep-230p040-240p045.fits,235.04647457609585,42.45705288829507,/global/project/projectdirs/cosmo/data/legacysurvey/dr9/north/sweep/9.0-photo-z/sweep-230p040-240p045-pz.fits,/global/cfs/cdirs/desi/users/rongpu/ls_dr9.0_photoz/stellar_mass/north/sweep-230p040-240p045_stellar_mass.npy
657,657,/global/project/projectdirs/cosmo/data/legacysurvey/dr9/north/sweep/9.0/sweep-170p055-180p060.fits,175.0144606276342,57.452064911760026,/global/project/projectdirs/cosmo/data/legacysurvey/dr9/north/sweep/9.0-photo-z/sweep-170p055-180p060-pz.fits,/global/cfs/cdirs/desi/users/rongpu/ls_dr9.0_photoz/stellar_mass/north/sweep-170p055-180p060_stellar_mass.npy
172,172,/global/project/projectdirs/cosmo/data/legacysurvey/dr9/south/sweep/9.0/sweep-030p000-040p005.fits,35.011055237624056,2.4730758186800994,/global/project/projectdirs/cosmo/data/legacysurvey/dr9/south/sweep/9.0-photo-z/sweep-030p000-040p005-pz.fits,/global/cfs/cdirs/desi/users/rongpu/ls_dr9.0_photoz/stellar_mass/south/sweep-030p000-040p005_stellar_mass.npy
10,10,/global/project/projectdirs/cosmo/data/legacysurvey/dr9/south/sweep/9.0/sweep-350m035-360m030.fits,359.57189922422225,-33.45206000300723,/global/project/projectdirs/cosmo/data/legacysurvey/dr9/south/sweep/9.0-photo-z/sweep-350m035-360m030-pz.fits,/global/cfs/cdirs/desi/users/rongpu/ls_dr9.0_photoz/stellar_mass/south/sweep-350m035-360m030_stellar_mass.npy
68,68,/global/project/projectdirs/cosmo/data/legacysurvey/dr9/south/sweep/9.0/sweep-020p015-030p020.fits,25.055783553048137,17.498638472861437,/global/project/projectdirs/cosmo/data/legacysurvey/dr9/south/sweep/9.0-photo-z/sweep-020p015-030p020-pz.fits,/global/cfs/cdirs/desi/users/rongpu/ls_dr9.0_photoz/stellar_mass/south/sweep-020p015-030p020_stellar_mass.npy
490,490,/global/project/projectdirs/cosmo/data/legacysurvey/dr9/north/sweep/9.0/sweep-210p035-220p040.fits,214.95913979541692,37.51543220787612,/global/project/projectdirs/cosmo/data/legacysurvey/dr9/north/sweep/9.0-photo-z/sweep-210p035-220p040-pz.fits,/global/cfs/cdirs/desi/users/rongpu/ls_dr9.0_photoz/stellar_mass/north/sweep-210p035-220p040_stellar_mass.npy
716,716,/global/project/projectdirs/cosmo/data/legacysurvey/dr9/north/sweep/9.0/sweep-320m005-330p000.fits,324.64345489429627,-0.7672114054213337,/global/project/projectdirs/cosmo/data/legacysurvey/dr9/north/sweep/9.0-photo-z/sweep-320m005-330p000-pz.fits,/global/cfs/cdirs/desi/users/rongpu/ls_dr9.0_photoz/stellar_mass/north/sweep-320m005-330p000_stellar_mass.npy
365,365,/global/project/projectdirs/cosmo/data/legacysurvey/dr9/south/sweep/9.0/sweep-340m040-350m035.fits,345.4909569750755,-38.93260256284253,/global/project/projectdirs/cosmo/data/legacysurvey/dr9/south/sweep/9.0-photo-z/sweep-340m040-350m035-pz.fits,/global/cfs/cdirs/desi/users/rongpu/ls_dr9.0_photoz/stellar_mass/south/sweep-340m040-350m035_stellar_mass.npy
390,390,/global/project/projectdirs/cosmo/data/legacysurvey/dr9/south/sweep/9.0/sweep-070m050-080m045.fits,75.0692211894889,-47.44259864970496,/global/project/projectdirs/cosmo/data/legacysurvey/dr9/south/sweep/9.0-photo-z/sweep-070m050-080m045-pz.fits,/global/cfs/cdirs/desi/users/rongpu/ls_dr9.0_photoz/stellar_mass/south/sweep-070m050-080m045_stellar_mass.npy
181,181,/global/project/projectdirs/cosmo/data/legacysurvey/dr9/south/sweep/9.0/sweep-190m015-200m010.fits,199.2012776989665,-10.038413127361943,/global/project/projectdirs/cosmo/data/legacysurvey/dr9/south/sweep/9.0-photo-z/sweep-190m015-200m010-pz.fits,/global/cfs/cdirs/desi/users/rongpu/ls_dr9.0_photoz/stellar_mass/south/sweep-190m015-200m010_stellar_mass.npy
263,263,/global/project/projectdirs/cosmo/data/legacysurvey/dr9/south/sweep/9.0/sweep-050m015-060m010.fits,54.8659566667352,-12.611338757342644,/global/project/projectdirs/cosmo/data/legacysurvey/dr9/south/sweep/9.0-photo-z/sweep-050m015-060m010-pz.fits,/global/cfs/cdirs/desi/users/rongpu/ls_dr9.0_photoz/stellar_mass/south/sweep-050m015-060m010_stellar_mass.npy
422,422,/global/project/projectdirs/cosmo/data/legacysurvey/dr9/south/sweep/9.0/sweep-060m045-070m040.fits,64.951937437282,-42.37657476293212,/global/project/projectdirs/cosmo/data/legacysurvey/dr9/south/sweep/9.0-photo-z/sweep-060m045-070m040-pz.fits,/global/cfs/cdirs/desi/users/rongpu/ls_dr9.0_photoz/stellar_mass/south/sweep-060m045-070m040_stellar_mass.npy
294,294,/global/project/projectdirs/cosmo/data/legacysurvey/dr9/south/sweep/9.0/sweep-020m010-030m005.fits,25.30687518524152,-7.445262967245432,/global/project/projectdirs/cosmo/data/legacysurvey/dr9/south/sweep/9.0-photo-z/sweep-020m010-030m005-pz.fits,/global/cfs/cdirs/desi/users/rongpu/ls_dr9.0_photoz/stellar_mass/south/sweep-020m010-030m005_stellar_mass.npy
670,670,/global/project/projectdirs/cosmo/data/legacysurvey/dr9/north/sweep/9.0/sweep-150p075-160p080.fits,154.9827253573096,77.35615049470726,/global/project/projectdirs/cosmo/data/legacysurvey/dr9/north/sweep/9.0-photo-z/sweep-150p075-160p080-pz.fits,/global/cfs/cdirs/desi/users/rongpu/ls_dr9.0_photoz/stellar_mass/north/sweep-150p075-160p080_stellar_mass.npy
210,210,/global/project/projectdirs/cosmo/data/legacysurvey/dr9/south/sweep/9.0/sweep-320m060-330m055.fits,325.36885301360945,-57.51755121522898,/global/project/projectdirs/cosmo/data/legacysurvey/dr9/south/sweep/9.0-photo-z/sweep-320m060-330m055-pz.fits,/global/cfs/cdirs/desi/users/rongpu/ls_dr9.0_photoz/stellar_mass/south/sweep-320m060-330m055_stellar_mass.npy
332,332,/global/project/projectdirs/cosmo/data/legacysurvey/dr9/south/sweep/9.0/sweep-250p025-260p030.fits,255.08348501955143,27.443278502130237,/global/project/projectdirs/cosmo/data/legacysurvey/dr9/south/sweep/9.0-photo-z/sweep-250p025-260p030-pz.fits,/global/cfs/cdirs/desi/users/rongpu/ls_dr9.0_photoz/stellar_mass/south/sweep-250p025-260p030_stellar_mass.npy
302,302,/global/project/projectdirs/cosmo/data/legacysurvey/dr9/south/sweep/9.0/sweep-330p030-340p035.fits,336.6199892001552,31.570851552740397,/global/project/projectdirs/cosmo/data/legacysurvey/dr9/south/sweep/9.0-photo-z/sweep-330p030-340p035-pz.fits,/global/cfs/cdirs/desi/users/rongpu/ls_dr9.0_photoz/stellar_mass/south/sweep-330p030-340p035_stellar_mass.npy
655,655,/global/project/projectdirs/cosmo/data/legacysurvey/dr9/north/sweep/9.0/sweep-110p065-120p070.fits,114.95503603408001,67.40380396504015,/global/project/projectdirs/cosmo/data/legacysurvey/dr9/north/sweep/9.0-photo-z/sweep-110p065-120p070-pz.fits,/global/cfs/cdirs/desi/users/rongpu/ls_dr9.0_photoz/stellar_mass/north/sweep-110p065-120p070_stellar_mass.npy
436,436,/global/project/projectdirs/cosmo/data/legacysurvey/dr9/south/sweep/9.0/sweep-340m020-350m015.fits,346.7354542370714,-15.225584856431501,/global/project/projectdirs/cosmo/data/legacysurvey/dr9/south/sweep/9.0-photo-z/sweep-340m020-350m015-pz.fits,/global/cfs/cdirs/desi/users/rongpu/ls_dr9.0_photoz/stellar_mass/south/sweep-340m020-350m015_stellar_mass.npy
113,113,/global/project/projectdirs/cosmo/data/legacysurvey/dr9/south/sweep/9.0/sweep-300m060-310m055.fits,304.9827565194595,-57.37198258243078,/global/project/projectdirs/cosmo/data/legacysurvey/dr9/south/sweep/9.0-photo-z/sweep-300m060-310m055-pz.fits,/global/cfs/cdirs/desi/users/rongpu/ls_dr9.0_photoz/stellar_mass/south/sweep-300m060-310m055_stellar_mass.npy
441,441,/global/project/projectdirs/cosmo/data/legacysurvey/dr9/north/sweep/9.0/sweep-190p035-200p040.fits,194.97039976716323,37.451064899535545,/global/project/projectdirs/cosmo/data/legacysurvey/dr9/north/sweep/9.0-photo-z/sweep-190p035-200p040-pz.fits,/global/cfs/cdirs/desi/users/rongpu/ls_dr9.0_photoz/stellar_mass/north/sweep-190p035-200p040_stellar_mass.npy
122,122,/global/project/projectdirs/cosmo/data/legacysurvey/dr9/south/sweep/9.0/sweep-050m025-060m020.fits,54.97704864000632,-22.503737418169106,/global/project/projectdirs/cosmo/data/legacysurvey/dr9/south/sweep/9.0-photo-z/sweep-050m025-060m020-pz.fits,/global/cfs/cdirs/desi/users/rongpu/ls_dr9.0_photoz/stellar_mass/south/sweep-050m025-060m020_stellar_mass.npy
543,543,/global/project/projectdirs/cosmo/data/legacysurvey/dr9/north/sweep/9.0/sweep-190p080-200p085.fits,195.00095753949932,82.06097650851927,/global/project/projectdirs/cosmo/data/legacysurvey/dr9/north/sweep/9.0-photo-z/sweep-190p080-200p085-pz.fits,/global/cfs/cdirs/desi/users/rongpu/ls_dr9.0_photoz/stellar_mass/north/sweep-190p080-200p085_stellar_mass.npy
327,327,/global/project/projectdirs/cosmo/data/legacysurvey/dr9/south/sweep/9.0/sweep-110m005-120p000.fits,119.21380224602423,-1.9508235995416918,/global/project/projectdirs/cosmo/data/legacysurvey/dr9/south/sweep/9.0-photo-z/sweep-110m005-120p000-pz.fits,/global/cfs/cdirs/desi/users/rongpu/ls_dr9.0_photoz/stellar_mass/south/sweep-110m005-120p000_stellar_mass.npy
49,49,/global/project/projectdirs/cosmo/data/legacysurvey/dr9/south/sweep/9.0/sweep-220p020-230p025.fits,224.92666983441555,22.4831823363933,/global/project/projectdirs/cosmo/data/legacysurvey/dr9/south/sweep/9.0-photo-z/sweep-220p020-230p025-pz.fits,/global/cfs/cdirs/desi/users/rongpu/ls_dr9.0_photoz/stellar_mass/south/sweep-220p020-230p025_stellar_mass.npy
249,249,/global/project/projectdirs/cosmo/data/legacysurvey/dr9/south/sweep/9.0/sweep-340p020-350p025.fits,344.9670836882817,22.525442208899328,/global/project/projectdirs/cosmo/data/legacysurvey/dr9/south/sweep/9.0-photo-z/sweep-340p020-350p025-pz.fits,/global/cfs/cdirs/desi/users/rongpu/ls_dr9.0_photoz/stellar_mass/south/sweep-340p020-350p025_stellar_mass.npy
363,363,/global/project/projectdirs/cosmo/data/legacysurvey/dr9/south/sweep/9.0/sweep-070m045-080m040.fits,75.0238476391349,-42.419847329540076,/global/project/projectdirs/cosmo/data/legacysurvey/dr9/south/sweep/9.0-photo-z/sweep-070m045-080m040-pz.fits,/global/cfs/cdirs/desi/users/rongpu/ls_dr9.0_photoz/stellar_mass/south/sweep-070m045-080m040_stellar_mass.npy
580,580,/global/project/projectdirs/cosmo/data/legacysurvey/dr9/north/sweep/9.0/sweep-100p035-110p040.fits,104.9317687012598,37.44012100283177,/global/project/projectdirs/cosmo/data/legacysurvey/dr9/north/sweep/9.0-photo-z/sweep-100p035-110p040-pz.fits,/global/cfs/cdirs/desi/users/rongpu/ls_dr9.0_photoz/stellar_mass/north/sweep-100p035-110p040_stellar_mass.npy
582,582,/global/project/projectdirs/cosmo/data/legacysurvey/dr9/north/sweep/9.0/sweep-290p045-300p050.fits,290.1487575321931,49.5272225401426,/global/project/projectdirs/cosmo/data/legacysurvey/dr9/north/sweep/9.0-photo-z/sweep-290p045-300p050-pz.fits,/global/cfs/cdirs/desi/users/rongpu/ls_dr9.0_photoz/stellar_mass/north/sweep-290p045-300p050_stellar_mass.npy
37,37,/global/project/projectdirs/cosmo/data/legacysurvey/dr9/south/sweep/9.0/sweep-150m010-160m005.fits,155.29001563369025,-7.125792296609099,/global/project/projectdirs/cosmo/data/legacysurvey/dr9/south/sweep/9.0-photo-z/sweep-150m010-160m005-pz.fits,/global/cfs/cdirs/desi/users/rongpu/ls_dr9.0_photoz/stellar_mass/south/sweep-150m010-160m005_stellar_mass.npy
600,600,/global/project/projectdirs/cosmo/data/legacysurvey/dr9/north/sweep/9.0/sweep-120p070-130p075.fits,125.00558352629645,72.42157624125922,/global/project/projectdirs/cosmo/data/legacysurvey/dr9/north/sweep/9.0-photo-z/sweep-120p070-130p075-pz.fits,/global/cfs/cdirs/desi/users/rongpu/ls_dr9.0_photoz/stellar_mass/north/sweep-120p070-130p075_stellar_mass.npy
48,48,/global/project/projectdirs/cosmo/data/legacysurvey/dr9/south/sweep/9.0/sweep-040m060-050m055.fits,44.9972446055381,-57.51577578476353,/global/project/projectdirs/cosmo/data/legacysurvey/dr9/south/sweep/9.0-photo-z/sweep-040m060-050m055-pz.fits,/global/cfs/cdirs/desi/users/rongpu/ls_dr9.0_photoz/stellar_mass/south/sweep-040m060-050m055_stellar_mass.npy
196,196,/global/project/projectdirs/cosmo/data/legacysurvey/dr9/south/sweep/9.0/sweep-010p030-020p035.fits,15.181923268624725,31.950968186670966,/global/project/projectdirs/cosmo/data/legacysurvey/dr9/south/sweep/9.0-photo-z/sweep-010p030-020p035-pz.fits,/global/cfs/cdirs/desi/users/rongpu/ls_dr9.0_photoz/stellar_mass/south/sweep-010p030-020p035_stellar_mass.npy
285,285,/global/project/projectdirs/cosmo/data/legacysurvey/dr9/south/sweep/9.0/sweep-340p025-350p030.fits,344.9159034970125,27.506254714224468,/global/project/projectdirs/cosmo/data/legacysurvey/dr9/south/sweep/9.0-photo-z/sweep-340p025-350p030-pz.fits,/global/cfs/cdirs/desi/users/rongpu/ls_dr9.0_photoz/stellar_mass/south/sweep-340p025-350p030_stellar_mass.npy
261,261,/global/project/projectdirs/cosmo/data/legacysurvey/dr9/south/sweep/9.0/sweep-310m055-320m050.fits,314.76538499199717,-52.35554261855054,/global/project/projectdirs/cosmo/data/legacysurvey/dr9/south/sweep/9.0-photo-z/sweep-310m055-320m050-pz.fits,/global/cfs/cdirs/desi/users/rongpu/ls_dr9.0_photoz/stellar_mass/south/sweep-310m055-320m050_stellar_mass.npy
18,18,/global/project/projectdirs/cosmo/data/legacysurvey/dr9/south/sweep/9.0/sweep-040p015-050p020.fits,41.42027864757442,17.65729326528572,/global/project/projectdirs/cosmo/data/legacysurvey/dr9/south/sweep/9.0-photo-z/sweep-040p015-050p020-pz.fits,/global/cfs/cdirs/desi/users/rongpu/ls_dr9.0_photoz/stellar_mass/south/sweep-040p015-050p020_stellar_mass.npy
488,488,/global/project/projectdirs/cosmo/data/legacysurvey/dr9/north/sweep/9.0/sweep-120p050-130p055.fits,124.93470071144354,52.4399807946906,/global/project/projectdirs/cosmo/data/legacysurvey/dr9/north/sweep/9.0-photo-z/sweep-120p050-130p055-pz.fits,/global/cfs/cdirs/desi/users/rongpu/ls_dr9.0_photoz/stellar_mass/north/sweep-120p050-130p055_stellar_mass.npy
484,484,/global/project/projectdirs/cosmo/data/legacysurvey/dr9/north/sweep/9.0/sweep-330p025-340p030.fits,338.76411586760275,29.13467022365421,/global/project/projectdirs/cosmo/data/legacysurvey/dr9/north/sweep/9.0-photo-z/sweep-330p025-340p030-pz.fits,/global/cfs/cdirs/desi/users/rongpu/ls_dr9.0_photoz/stellar_mass/north/sweep-330p025-340p030_stellar_mass.npy
76,76,/global/project/projectdirs/cosmo/data/legacysurvey/dr9/south/sweep/9.0/sweep-080m035-090m030.fits,84.9914229774042,-32.39660811694738,/global/project/projectdirs/cosmo/data/legacysurvey/dr9/south/sweep/9.0-photo-z/sweep-080m035-090m030-pz.fits,/global/cfs/cdirs/desi/users/rongpu/ls_dr9.0_photoz/stellar_mass/south/sweep-080m035-090m030_stellar_mass.npy
64,64,/global/project/projectdirs/cosmo/data/legacysurvey/dr9/south/sweep/9.0/sweep-020p030-030p035.fits,24.809731832963795,31.82371879831876,/global/project/projectdirs/cosmo/data/legacysurvey/dr9/south/sweep/9.0-photo-z/sweep-020p030-030p035-pz.fits,/global/cfs/cdirs/desi/users/rongpu/ls_dr9.0_photoz/stellar_mass/south/sweep-020p030-030p035_stellar_mass.npy
573,573,/global/project/projectdirs/cosmo/data/legacysurvey/dr9/north/sweep/9.0/sweep-180p030-190p035.fits,184.93217091327844,32.89418231752785,/global/project/projectdirs/cosmo/data/legacysurvey/dr9/north/sweep/9.0-photo-z/sweep-180p030-190p035-pz.fits,/global/cfs/cdirs/desi/users/rongpu/ls_dr9.0_photoz/stellar_mass/north/sweep-180p030-190p035_stellar_mass.npy
344,344,/global/project/projectdirs/cosmo/data/legacysurvey/dr9/south/sweep/9.0/sweep-340m050-350m045.fits,345.09633045561026,-47.52277631027683,/global/project/projectdirs/cosmo/data/legacysurvey/dr9/south/sweep/9.0-photo-z/sweep-340m050-350m045-pz.fits,/global/cfs/cdirs/desi/users/rongpu/ls_dr9.0_photoz/stellar_mass/south/sweep-340m050-350m045_stellar_mass.npy
52,52,/global/project/projectdirs/cosmo/data/legacysurvey/dr9/south/sweep/9.0/sweep-120p005-130p010.fits,124.87398219888368,7.479120974715222,/global/project/projectdirs/cosmo/data/legacysurvey/dr9/south/sweep/9.0-photo-z/sweep-120p005-130p010-pz.fits,/global/cfs/cdirs/desi/users/rongpu/ls_dr9.0_photoz/stellar_mass/south/sweep-120p005-130p010_stellar_mass.npy
498,498,/global/project/projectdirs/cosmo/data/legacysurvey/dr9/north/sweep/9.0/sweep-170p040-180p045.fits,174.98118094679833,42.4341864197339,/global/project/projectdirs/cosmo/data/legacysurvey/dr9/north/sweep/9.0-photo-z/sweep-170p040-180p045-pz.fits,/global/cfs/cdirs/desi/users/rongpu/ls_dr9.0_photoz/stellar_mass/north/sweep-170p040-180p045_stellar_mass.npy
293,293,/global/project/projectdirs/cosmo/data/legacysurvey/dr9/south/sweep/9.0/sweep-060m025-070m020.fits,64.95288422544441,-22.489913688866046,/global/project/projectdirs/cosmo/data/legacysurvey/dr9/south/sweep/9.0-photo-z/sweep-060m025-070m020-pz.fits,/global/cfs/cdirs/desi/users/rongpu/ls_dr9.0_photoz/stellar_mass/south/sweep-060m025-070m020_stellar_mass.npy
312,312,/global/project/projectdirs/cosmo/data/legacysurvey/dr9/south/sweep/9.0/sweep-000p030-010p035.fits,4.882833256061327,32.120617659855036,/global/project/projectdirs/cosmo/data/legacysurvey/dr9/south/sweep/9.0-photo-z/sweep-000p030-010p035-pz.fits,/global/cfs/cdirs/desi/users/rongpu/ls_dr9.0_photoz/stellar_mass/south/sweep-000p030-010p035_stellar_mass.npy
193,193,/global/project/projectdirs/cosmo/data/legacysurvey/dr9/south/sweep/9.0/sweep-310p020-320p025.fits,319.220758702245,20.11253197502808,/global/project/projectdirs/cosmo/data/legacysurvey/dr9/south/sweep/9.0-photo-z/sweep-310p020-320p025-pz.fits,/global/cfs/cdirs/desi/users/rongpu/ls_dr9.0_photoz/stellar_mass/south/sweep-310p020-320p025_stellar_mass.npy
380,380,/global/project/projectdirs/cosmo/data/legacysurvey/dr9/south/sweep/9.0/sweep-140p030-150p035.fits,145.00200229218524,31.80017790714304,/global/project/projectdirs/cosmo/data/legacysurvey/dr9/south/sweep/9.0-photo-z/sweep-140p030-150p035-pz.fits,/global/cfs/cdirs/desi/users/rongpu/ls_dr9.0_photoz/stellar_mass/south/sweep-140p030-150p035_stellar_mass.npy
467,467,/global/project/projectdirs/cosmo/data/legacysurvey/dr9/north/sweep/9.0/sweep-190p030-200p035.fits,194.93198547202286,33.023175755656546,/global/project/projectdirs/cosmo/data/legacysurvey/dr9/north/sweep/9.0-photo-z/sweep-190p030-200p035-pz.fits,/global/cfs/cdirs/desi/users/rongpu/ls_dr9.0_photoz/stellar_mass/north/sweep-190p030-200p035_stellar_mass.npy
187,187,/global/project/projectdirs/cosmo/data/legacysurvey/dr9/south/sweep/9.0/sweep-340m045-350m040.fits,345.07655124996916,-42.51070590462136,/global/project/projectdirs/cosmo/data/legacysurvey/dr9/south/sweep/9.0-photo-z/sweep-340m045-350m040-pz.fits,/global/cfs/cdirs/desi/users/rongpu/ls_dr9.0_photoz/stellar_mass/south/sweep-340m045-350m040_stellar_mass.npy
530,530,/global/project/projectdirs/cosmo/data/legacysurvey/dr9/north/sweep/9.0/sweep-270p060-280p065.fits,275.09928995100086,62.410578034128754,/global/project/projectdirs/cosmo/data/legacysurvey/dr9/north/sweep/9.0-photo-z/sweep-270p060-280p065-pz.fits,/global/cfs/cdirs/desi/users/rongpu/ls_dr9.0_photoz/stellar_mass/north/sweep-270p060-280p065_stellar_mass.npy
272,272,/global/project/projectdirs/cosmo/data/legacysurvey/dr9/south/sweep/9.0/sweep-110p025-120p030.fits,114.90994917854816,27.44428976474895,/global/project/projectdirs/cosmo/data/legacysurvey/dr9/south/sweep/9.0-photo-z/sweep-110p025-120p030-pz.fits,/global/cfs/cdirs/desi/users/rongpu/ls_dr9.0_photoz/stellar_mass/south/sweep-110p025-120p030_stellar_mass.npy
162,162,/global/project/projectdirs/cosmo/data/legacysurvey/dr9/south/sweep/9.0/sweep-000m040-010m035.fits,5.009490609508521,-37.41730231645123,/global/project/projectdirs/cosmo/data/legacysurvey/dr9/south/sweep/9.0-photo-z/sweep-000m040-010m035-pz.fits,/global/cfs/cdirs/desi/users/rongpu/ls_dr9.0_photoz/stellar_mass/south/sweep-000m040-010m035_stellar_mass.npy
406,406,/global/project/projectdirs/cosmo/data/legacysurvey/dr9/south/sweep/9.0/sweep-020p025-030p030.fits,25.001489166300544,27.55987476386951,/global/project/projectdirs/cosmo/data/legacysurvey/dr9/south/sweep/9.0-photo-z/sweep-020p025-030p030-pz.fits,/global/cfs/cdirs/desi/users/rongpu/ls_dr9.0_photoz/stellar_mass/south/sweep-020p025-030p030_stellar_mass.npy
255,255,/global/project/projectdirs/cosmo/data/legacysurvey/dr9/south/sweep/9.0/sweep-110p030-120p035.fits,114.83910415730664,31.774246361422144,/global/project/projectdirs/cosmo/data/legacysurvey/dr9/south/sweep/9.0-photo-z/sweep-110p030-120p035-pz.fits,/global/cfs/cdirs/desi/users/rongpu/ls_dr9.0_photoz/stellar_mass/south/sweep-110p030-120p035_stellar_mass.npy
211,211,/global/project/projectdirs/cosmo/data/legacysurvey/dr9/south/sweep/9.0/sweep-010p010-020p015.fits,15.100786402167563,12.507443902371294,/global/project/projectdirs/cosmo/data/legacysurvey/dr9/south/sweep/9.0-photo-z/sweep-010p010-020p015-pz.fits,/global/cfs/cdirs/desi/users/rongpu/ls_dr9.0_photoz/stellar_mass/south/sweep-010p010-020p015_stellar_mass.npy
215,215,/global/project/projectdirs/cosmo/data/legacysurvey/dr9/south/sweep/9.0/sweep-130p025-140p030.fits,135.01111069750326,27.433672970449447,/global/project/projectdirs/cosmo/data/legacysurvey/dr9/south/sweep/9.0-photo-z/sweep-130p025-140p030-pz.fits,/global/cfs/cdirs/desi/users/rongpu/ls_dr9.0_photoz/stellar_mass/south/sweep-130p025-140p030_stellar_mass.npy
303,303,/global/project/projectdirs/cosmo/data/legacysurvey/dr9/south/sweep/9.0/sweep-060m040-070m035.fits,64.97162778909065,-37.465235772583426,/global/project/projectdirs/cosmo/data/legacysurvey/dr9/south/sweep/9.0-photo-z/sweep-060m040-070m035-pz.fits,/global/cfs/cdirs/desi/users/rongpu/ls_dr9.0_photoz/stellar_mass/south/sweep-060m040-070m035_stellar_mass.npy
247,247,/global/project/projectdirs/cosmo/data/legacysurvey/dr9/south/sweep/9.0/sweep-070m020-080m015.fits,74.86125385111394,-18.79213900479541,/global/project/projectdirs/cosmo/data/legacysurvey/dr9/south/sweep/9.0-photo-z/sweep-070m020-080m015-pz.fits,/global/cfs/cdirs/desi/users/rongpu/ls_dr9.0_photoz/stellar_mass/south/sweep-070m020-080m015_stellar_mass.npy
382,382,/global/project/projectdirs/cosmo/data/legacysurvey/dr9/south/sweep/9.0/sweep-010m010-020m005.fits,15.01190433020598,-7.288319570983182,/global/project/projectdirs/cosmo/data/legacysurvey/dr9/south/sweep/9.0-photo-z/sweep-010m010-020m005-pz.fits,/global/cfs/cdirs/desi/users/rongpu/ls_dr9.0_photoz/stellar_mass/south/sweep-010m010-020m005_stellar_mass.npy
97,97,/global/project/projectdirs/cosmo/data/legacysurvey/dr9/south/sweep/9.0/sweep-040p025-050p030.fits,40.461460510235696,26.887338646196305,/global/project/projectdirs/cosmo/data/legacysurvey/dr9/south/sweep/9.0-photo-z/sweep-040p025-050p030-pz.fits,/global/cfs/cdirs/desi/users/rongpu/ls_dr9.0_photoz/stellar_mass/south/sweep-040p025-050p030_stellar_mass.npy
415,415,/global/project/projectdirs/cosmo/data/legacysurvey/dr9/south/sweep/9.0/sweep-010m060-020m055.fits,15.076541156765284,-57.55146071065107,/global/project/projectdirs/cosmo/data/legacysurvey/dr9/south/sweep/9.0-photo-z/sweep-010m060-020m055-pz.fits,/global/cfs/cdirs/desi/users/rongpu/ls_dr9.0_photoz/stellar_mass/south/sweep-010m060-020m055_stellar_mass.npy
540,540,/global/project/projectdirs/cosmo/data/legacysurvey/dr9/north/sweep/9.0/sweep-190p050-200p055.fits,195.01252635097146,52.4626037447152,/global/project/projectdirs/cosmo/data/legacysurvey/dr9/north/sweep/9.0-photo-z/sweep-190p050-200p055-pz.fits,/global/cfs/cdirs/desi/users/rongpu/ls_dr9.0_photoz/stellar_mass/north/sweep-190p050-200p055_stellar_mass.npy
476,476,/global/project/projectdirs/cosmo/data/legacysurvey/dr9/north/sweep/9.0/sweep-210p025-220p030.fits,214.71989612123642,29.61064765479411,/global/project/projectdirs/cosmo/data/legacysurvey/dr9/north/sweep/9.0-photo-z/sweep-210p025-220p030-pz.fits,/global/cfs/cdirs/desi/users/rongpu/ls_dr9.0_photoz/stellar_mass/north/sweep-210p025-220p030_stellar_mass.npy
236,236,/global/project/projectdirs/cosmo/data/legacysurvey/dr9/south/sweep/9.0/sweep-040p010-050p015.fits,41.39338872671532,12.508355827677924,/global/project/projectdirs/cosmo/data/legacysurvey/dr9/south/sweep/9.0-photo-z/sweep-040p010-050p015-pz.fits,/global/cfs/cdirs/desi/users/rongpu/ls_dr9.0_photoz/stellar_mass/south/sweep-040p010-050p015_stellar_mass.npy
17,17,/global/project/projectdirs/cosmo/data/legacysurvey/dr9/south/sweep/9.0/sweep-260p030-270p035.fits,265.1592710116848,31.806997078906733,/global/project/projectdirs/cosmo/data/legacysurvey/dr9/south/sweep/9.0-photo-z/sweep-260p030-270p035-pz.fits,/global/cfs/cdirs/desi/users/rongpu/ls_dr9.0_photoz/stellar_mass/south/sweep-260p030-270p035_stellar_mass.npy
267,267,/global/project/projectdirs/cosmo/data/legacysurvey/dr9/south/sweep/9.0/sweep-330p010-340p015.fits,334.8354127681736,12.505344939279373,/global/project/projectdirs/cosmo/data/legacysurvey/dr9/south/sweep/9.0-photo-z/sweep-330p010-340p015-pz.fits,/global/cfs/cdirs/desi/users/rongpu/ls_dr9.0_photoz/stellar_mass/south/sweep-330p010-340p015_stellar_mass.npy
364,364,/global/project/projectdirs/cosmo/data/legacysurvey/dr9/south/sweep/9.0/sweep-020p005-030p010.fits,24.959225966415744,7.428475506741957,/global/project/projectdirs/cosmo/data/legacysurvey/dr9/south/sweep/9.0-photo-z/sweep-020p005-030p010-pz.fits,/global/cfs/cdirs/desi/users/rongpu/ls_dr9.0_photoz/stellar_mass/south/sweep-020p005-030p010_stellar_mass.npy
252,252,/global/project/projectdirs/cosmo/data/legacysurvey/dr9/south/sweep/9.0/sweep-050p000-060p005.fits,52.33871711737208,1.1149963156958531,/global/project/projectdirs/cosmo/data/legacysurvey/dr9/south/sweep/9.0-photo-z/sweep-050p000-060p005-pz.fits,/global/cfs/cdirs/desi/users/rongpu/ls_dr9.0_photoz/stellar_mass/south/sweep-050p000-060p005_stellar_mass.npy
